,gender_male,race/ethnicity_group B,race/ethnicity_group C,race/ethnicity_group D,race/ethnicity_group E,parental level of education_bachelor's degree,parental level of education_high school,parental level of education_master's degree,parental level of education_some college,parental level of education_some high school,lunch_standard,test preparation course_none,Final_score
0,False,True,False,False,False,True,False,False,False,False,True,True,73
1,False,False,True,False,False,False,False,False,True,False,True,False,82
2,False,True,False,False,False,False,False,True,False,False,True,True,93
3,True,False,False,False,False,False,False,False,False,False,False,True,49
4,True,False,True,False,False,False,False,False,True,False,True,True,76
5,False,True,False,False,False,False,False,False,False,False,True,True,77
6,False,True,False,False,False,False,False,False,True,False,True,False,92
7,True,True,False,False,False,False,False,False,True,False,False,True,41
8,True,False,False,True,False,False,True,False,False,False,False,False,65
9,False,True,False,False,False,False,True,False,False,False,False,True,49
10,True,False,True,False,False,False,False,False,False,False,True,True,55
11,True,False,False,True,False,False,False,False,False,False,True,True,45
12,False,True,False,False,False,False,True,False,False,False,True,True,73
13,True,False,False,False,False,False,False,False,True,False,True,False,73
14,False,False,False,False,False,False,False,True,False,False,True,True,54
15,False,False,True,False,False,False,False,False,False,True,True,True,74
16,True,False,True,False,False,False,True,False,False,False,True,True,88
17,False,True,False,False,False,False,False,False,False,True,False,True,26
18,True,False,True,False,False,False,False,True,False,False,False,False,45
19,False,False,True,False,False,False,False,False,False,False,False,True,58
20,True,False,False,True,False,False,True,False,False,False,True,True,66
21,False,True,False,False,False,False,False,False,True,False,False,False,70
22,True,False,False,True,False,False,False,False,True,False,True,True,50
23,False,False,True,False,False,False,False,False,False,True,True,True,72
24,True,False,False,True,False,True,False,False,False,False,False,False,75
25,True,False,False,False,False,False,False,True,False,False,False,True,73
26,True,True,False,False,False,False,False,False,True,False,True,True,59
27,False,False,True,False,False,True,False,False,False,False,True,True,70
28,True,False,True,False,False,False,True,False,False,False,True,True,68
29,False,False,False,True,False,False,False,True,False,False,True,True,69
30,False,False,False,True,False,False,False,False,True,False,True,True,72
31,False,True,False,False,False,False,False,False,True,False,True,True,63
32,False,False,False,False,True,False,False,True,False,False,False,True,64
33,True,False,False,True,False,False,False,False,True,False,True,True,40
34,True,False,False,False,True,False,False,False,True,False,True,True,89
35,True,False,False,False,True,False,False,False,False,False,True,False,80
36,False,False,False,True,False,False,False,False,False,False,True,True,79
37,False,False,False,True,False,False,False,False,False,True,False,True,58
38,False,False,False,True,False,False,False,False,False,False,False,False,84
39,True,True,False,False,False,False,False,False,False,False,False,True,57
40,True,False,True,False,False,False,False,False,False,False,False,True,57
41,False,False,True,False,False,False,False,False,False,False,True,True,66
42,False,True,False,False,False,False,False,False,False,False,True,True,59
43,True,True,False,False,False,False,False,False,True,False,False,False,63
44,False,False,False,False,True,False,False,False,False,False,False,True,53
45,True,True,False,False,False,False,False,False,False,False,True,True,59
46,False,False,False,False,False,False,False,False,False,False,True,False,61
47,False,False,True,False,False,False,True,False,False,False,True,True,71
48,False,False,False,True,False,False,False,False,False,False,False,False,69
49,True,False,True,False,False,False,True,False,False,False,True,False,83
50,True,False,False,False,True,False,False,False,True,False,True,True,52
51,True,False,False,False,True,False,False,False,False,False,False,False,71
52,True,False,True,False,False,False,False,False,True,False,True,True,46
53,True,False,False,True,False,False,True,False,False,False,True,True,80
54,False,False,True,False,False,False,False,False,False,True,False,False,81
55,False,False,True,False,False,False,True,False,False,False,False,True,39
56,False,False,False,False,True,False,False,False,False,False,True,False,84
57,True,False,False,True,False,False,False,False,False,False,True,True,52
58,True,False,False,True,False,False,False,False,True,False,True,False,58
59,False,False,True,False,False,False,False,False,False,True,False,True,9
60,True,False,False,False,True,True,False,False,False,False,False,False,75
61,True,False,False,False,False,False,False,False,False,True,False,True,37
62,True,False,False,False,False,False,False,False,False,False,False,True,59
63,False,False,True,False,False,False,False,False,False,False,True,True,73
64,False,False,False,True,False,False,False,False,False,True,True,True,59
65,True,True,False,False,False,False,False,False,False,True,True,True,64
66,True,False,False,True,False,False,False,False,False,True,False,True,40
67,False,False,True,False,False,False,False,False,True,False,True,True,69
68,True,True,False,False,False,False,False,False,False,False,False,True,58
69,False,False,True,False,False,False,False,False,False,False,True,True,53
70,False,False,False,True,False,False,False,False,True,False,False,False,65
71,True,False,False,True,False,False,False,False,True,False,True,False,60
72,False,False,False,False,False,False,False,False,False,False,False,True,47
73,True,False,True,False,False,False,False,False,False,True,False,True,58
74,True,False,True,False,False,False,False,False,False,True,True,True,46
75,True,True,False,False,False,False,False,False,False,False,False,True,41
76,True,False,False,False,True,False,False,False,False,True,True,True,26
77,True,False,False,False,False,True,False,False,False,False,True,False,80
78,False,False,False,True,False,False,False,False,False,True,True,False,69
79,False,False,False,False,True,False,False,True,False,False,True,True,66
80,False,True,False,False,False,False,False,False,False,False,True,True,49
81,True,True,False,False,False,False,True,False,False,False,False,True,46
82,True,False,False,False,False,False,False,False,True,False,False,False,50
83,True,False,False,False,True,False,False,False,False,False,True,True,66
84,True,False,False,True,False,False,True,False,False,False,False,True,38
85,False,False,True,False,False,False,False,False,True,False,True,True,78
86,False,False,True,False,False,False,False,False,True,False,False,True,82
87,False,False,False,True,False,False,False,False,False,False,True,True,72
88,False,False,False,False,False,False,False,False,True,False,True,True,65
89,False,False,False,True,False,False,False,False,False,True,True,True,80
90,False,False,True,False,False,True,False,False,False,False,True,True,70
91,True,False,True,False,False,False,True,False,False,False,False,True,32
92,True,False,True,False,False,False,True,False,False,False,True,True,74
93,True,False,True,False,False,False,False,False,False,False,False,False,46
94,False,True,False,False,False,False,False,False,True,False,True,True,86
95,True,False,True,False,False,False,False,False,False,False,False,False,80
96,True,True,False,False,False,False,False,False,False,True,True,False,64
97,False,False,False,False,True,False,False,False,True,False,True,False,68
98,False,False,False,True,False,False,False,False,True,False,False,True,62
99,False,False,False,True,False,True,False,False,False,False,True,True,65
100,True,True,False,False,False,False,False,False,True,False,True,True,71
101,True,False,False,True,False,True,False,False,False,False,True,False,72
102,False,False,False,True,False,False,False,False,False,False,True,True,88
103,True,True,False,False,False,False,True,False,False,False,True,False,50
104,True,False,True,False,False,False,False,False,True,False,True,False,91
105,False,False,True,False,False,False,False,False,True,False,True,True,66
106,False,False,False,True,False,False,False,True,False,False,True,True,96
107,True,False,False,False,True,False,False,False,False,False,True,False,64
108,False,True,False,False,False,False,False,False,False,False,False,True,66
109,False,True,False,False,False,False,False,False,False,True,True,True,69
110,False,False,False,True,False,False,False,False,False,False,False,False,88
111,True,False,True,False,False,False,True,False,False,False,True,True,55
112,True,False,False,False,False,False,False,False,False,False,True,True,51
113,False,False,False,True,False,False,False,False,True,False,True,True,54
114,False,False,False,False,True,True,False,False,False,False,True,False,100
115,True,False,True,False,False,False,True,False,False,False,True,True,78
116,False,True,False,False,False,True,False,False,False,False,False,True,81
117,False,False,False,True,False,True,False,False,False,False,True,True,80
118,False,False,False,True,False,False,False,False,False,True,True,True,58
119,False,False,True,False,False,False,False,False,True,False,True,True,63
120,False,False,True,False,False,True,False,False,False,False,True,False,87
121,True,True,False,False,False,False,False,False,False,False,True,False,91
122,False,False,True,False,False,False,False,False,True,False,True,False,91
123,True,False,False,True,False,False,True,False,False,False,False,True,59
124,True,False,False,False,True,False,False,False,True,False,True,True,79
125,False,True,False,False,False,False,True,False,False,False,True,True,89
126,True,True,False,False,False,False,False,False,False,True,True,True,69
127,True,False,False,True,False,False,False,False,True,False,True,False,72
128,True,False,False,True,False,False,False,True,False,False,True,True,79
129,False,False,False,False,False,True,False,False,False,False,True,True,50
130,True,False,False,True,False,False,False,True,False,False,True,True,85
131,True,False,True,False,False,False,False,False,False,True,False,False,43
132,True,False,False,False,True,False,False,False,True,False,False,False,77
133,False,False,True,False,False,False,False,False,True,False,True,False,80
134,True,False,False,True,False,True,False,False,False,False,False,False,76
135,True,False,True,False,False,True,False,False,False,False,True,True,54
136,True,True,False,False,False,False,False,False,False,True,True,False,49
137,True,False,False,False,True,False,True,False,False,False,True,True,60
138,False,False,True,False,False,False,False,False,False,False,True,True,64
139,True,False,False,True,False,False,False,False,True,False,True,False,67
140,False,False,False,True,False,False,False,False,False,True,True,True,73
141,False,False,True,False,False,False,False,False,True,False,False,True,62
142,False,False,False,False,True,False,False,False,True,False,False,False,50
143,True,False,False,False,False,False,True,False,False,False,True,True,49
144,True,False,False,True,False,False,False,False,True,False,True,True,80
145,False,False,True,False,False,False,False,False,True,False,False,True,31
146,True,True,False,False,False,False,False,False,False,True,True,True,82
147,True,False,True,False,False,False,False,False,False,False,False,True,69
148,False,False,False,True,False,True,False,False,False,False,True,False,75
149,True,False,False,False,True,False,False,False,False,False,False,False,98
150,True,False,False,False,False,False,False,False,False,True,True,False,66
151,True,False,False,False,False,True,False,False,False,False,True,True,71
152,False,True,False,False,False,False,False,False,False,False,True,False,65
153,True,False,False,True,False,True,False,False,False,False,True,True,50
154,True,False,False,True,False,False,False,False,False,True,True,True,63
155,False,False,True,False,False,False,False,False,True,False,True,False,82
156,False,False,False,False,True,False,True,False,False,False,False,False,73
157,True,True,False,False,False,False,False,False,True,False,False,True,60
158,False,True,False,False,False,False,False,False,False,False,True,False,78
159,True,False,False,True,False,False,False,False,False,False,False,True,64
160,True,True,False,False,False,False,False,False,False,False,False,False,78
161,False,False,False,False,True,False,False,False,True,False,False,False,83
162,True,True,False,False,False,False,False,True,False,False,False,True,51
163,True,False,True,False,False,False,True,False,False,False,True,True,51
164,False,False,False,False,True,False,False,True,False,False,True,True,88
165,False,False,True,False,False,True,False,False,False,False,True,False,99
166,True,False,True,False,False,False,True,False,False,False,False,False,52
167,False,True,False,False,False,False,False,True,False,False,False,False,71
168,False,True,False,False,False,False,True,False,False,False,True,False,76
169,False,False,True,False,False,False,False,False,True,False,False,False,71
170,True,False,False,False,False,False,True,False,False,False,True,False,73
171,True,False,False,False,True,False,False,False,False,True,True,True,87
172,False,False,False,True,False,False,False,False,True,False,True,True,82
173,False,False,True,False,False,False,False,False,False,False,True,True,67
174,False,False,True,False,False,True,False,False,False,False,False,False,49
175,False,False,True,False,False,False,False,True,False,False,True,False,86
176,False,True,False,False,False,False,True,False,False,False,False,False,53
177,False,False,True,False,False,False,False,False,False,False,True,False,75
178,False,True,False,False,False,False,False,True,False,False,False,False,61
179,False,False,False,True,False,False,False,False,False,True,True,False,99
180,True,False,True,False,False,False,False,True,False,False,False,False,68
181,False,False,True,False,False,False,False,False,True,False,False,True,59
182,False,False,False,False,True,False,True,False,False,False,True,True,49
183,False,False,False,True,False,False,False,False,False,False,True,True,68
184,True,False,True,False,False,False,False,False,False,True,False,False,49
185,True,False,True,False,False,False,False,False,False,False,False,False,66
186,True,False,False,False,True,False,True,False,False,False,True,True,74
187,True,False,False,True,False,False,False,False,False,True,True,False,65
188,True,True,False,False,False,False,False,False,False,True,False,True,48
189,False,False,True,False,False,True,False,False,False,False,True,True,84
190,False,False,False,False,True,False,False,False,False,False,True,True,67
191,True,False,False,True,False,False,False,False,True,False,True,False,79
192,False,True,False,False,False,False,False,False,False,True,True,True,64
193,True,False,False,True,False,False,False,False,True,False,True,False,67
194,False,False,True,False,False,False,False,True,False,False,True,False,79
195,True,False,False,True,False,False,False,False,False,False,True,True,56
196,True,False,True,False,False,False,False,False,False,True,False,False,64
197,True,False,False,False,True,False,True,False,False,False,False,True,54
198,False,True,False,False,False,False,False,False,True,False,False,True,51
199,False,True,False,False,False,True,False,False,False,False,False,True,78
200,False,False,True,False,False,False,False,False,False,False,True,False,79
201,False,False,False,True,False,False,False,False,True,False,False,True,74
202,True,False,True,False,False,False,False,False,False,False,True,True,72
203,False,True,False,False,False,False,False,False,False,False,True,True,65
204,True,False,True,False,False,False,False,False,True,False,True,True,47
205,True,False,False,True,False,False,False,False,False,True,True,False,74
206,True,False,False,False,True,True,False,False,False,False,True,True,69
207,True,False,False,False,True,False,True,False,False,False,True,False,79
208,False,True,False,False,False,False,False,False,True,False,False,True,77
209,False,True,False,False,False,False,False,False,True,False,False,True,62
210,True,False,False,True,False,False,False,False,False,True,False,False,79
211,True,False,True,False,False,False,False,False,True,False,False,True,30
212,False,False,True,False,False,False,True,False,False,False,False,True,55
213,True,False,True,False,False,False,False,False,False,False,False,False,56
214,True,False,False,False,True,False,True,False,False,False,True,False,86
215,True,True,False,False,False,False,False,False,False,True,True,False,81
216,False,False,False,False,True,False,False,False,False,False,False,False,86
217,False,False,True,False,False,False,True,False,False,False,False,True,38
218,True,True,False,False,False,False,True,False,False,False,False,True,71
219,True,True,False,False,False,False,False,False,False,True,True,False,58
220,False,False,False,True,False,False,True,False,False,False,True,False,66
221,True,True,False,False,False,False,False,False,False,False,True,True,82
222,False,False,True,False,False,False,False,False,False,True,False,True,61
223,True,False,False,True,False,False,False,False,False,True,True,True,80
224,False,True,False,False,False,False,False,False,False,False,True,False,64
225,False,False,False,False,True,False,False,True,False,False,False,True,52
226,False,False,True,False,False,False,False,False,True,False,True,True,72
227,True,False,False,True,False,False,True,False,False,False,True,True,54
228,True,False,False,False,False,False,False,False,False,True,False,True,68
229,False,False,True,False,False,False,False,False,True,False,True,False,92
230,True,False,False,True,False,False,False,False,True,False,True,True,69
231,True,False,True,False,False,False,False,False,False,False,True,True,44
232,False,True,False,False,False,True,False,False,False,False,True,True,79
233,True,False,False,False,True,False,False,False,False,True,True,True,86
234,True,False,True,False,False,True,False,False,False,False,True,False,83
235,True,False,False,True,False,False,False,False,False,False,True,True,77
236,True,False,False,True,False,True,False,False,False,False,False,True,65
237,False,False,False,True,False,False,False,False,False,True,True,False,66
238,True,True,False,False,False,False,False,False,True,False,True,True,52
239,True,False,True,False,False,False,False,False,False,False,True,True,81
240,True,False,False,True,False,False,True,False,False,False,False,False,69
241,False,False,False,False,True,True,False,False,False,False,True,True,82
242,False,False,False,True,False,False,True,False,False,False,True,True,54
243,True,False,False,False,True,False,False,False,True,False,True,True,51
244,True,False,False,True,False,False,False,False,False,True,True,True,73
245,True,False,True,False,False,False,False,False,False,False,True,True,77
246,True,False,False,False,True,False,False,False,False,False,True,True,80
247,False,True,False,False,False,False,True,False,False,False,True,False,65
248,False,True,False,False,False,False,True,False,False,False,True,True,64
249,True,False,True,False,False,False,True,False,False,False,True,True,60
250,True,False,False,False,False,False,False,False,False,True,True,False,48
251,False,False,False,True,False,False,False,False,True,False,False,True,79
252,False,True,False,False,False,False,False,False,False,True,True,False,67
253,True,False,False,True,False,False,False,True,False,False,True,True,77
254,True,False,False,True,False,False,True,False,False,False,True,True,53
255,False,False,False,False,True,False,False,False,True,False,True,True,68
256,False,False,True,False,False,False,False,False,False,False,False,True,68
257,True,False,True,False,False,False,False,False,False,False,True,False,77
258,False,True,False,False,False,False,False,False,True,False,True,True,74
259,False,False,True,False,False,False,False,True,False,False,False,False,76
260,False,False,True,False,False,False,False,False,False,True,False,False,73
261,True,False,True,False,False,False,False,False,True,False,True,False,79
262,False,False,True,False,False,False,False,False,False,True,False,True,48
263,False,False,False,False,True,False,True,False,False,False,True,True,94
264,True,False,False,True,False,False,True,False,False,False,True,True,72
265,True,False,False,True,False,False,False,False,False,True,False,True,47
266,False,False,True,False,False,True,False,False,False,False,True,True,73
267,False,False,False,True,False,False,True,False,False,False,True,True,73
268,False,False,False,True,False,False,False,False,False,False,True,False,92
269,False,False,False,False,True,False,False,False,True,False,False,True,72
270,True,False,True,False,False,True,False,False,False,False,True,True,64
271,True,False,True,False,False,False,False,False,True,False,True,True,50
272,False,False,False,True,False,False,False,False,False,False,False,True,53
273,False,False,False,True,False,False,False,False,True,False,True,True,69
274,True,True,False,False,False,False,False,False,True,False,True,False,83
275,True,False,True,False,False,True,False,False,False,False,True,True,78
276,False,False,True,False,False,False,False,False,False,True,True,False,90
277,False,False,False,False,True,False,True,False,False,False,True,False,66
278,False,False,True,False,False,False,False,False,False,True,False,True,77
279,True,True,False,False,False,True,False,False,False,False,False,True,62
280,True,False,False,True,False,False,True,False,False,False,True,True,49
281,True,False,False,True,False,False,True,False,False,False,True,True,46
282,False,False,False,True,False,True,False,False,False,False,False,True,79
283,False,False,False,True,False,False,False,False,True,False,False,False,75
284,False,True,False,False,False,False,False,False,False,True,True,True,43
285,True,True,False,False,False,False,False,False,False,False,True,False,82
286,True,False,False,False,True,False,False,False,False,False,True,False,89
287,False,True,False,False,False,False,False,False,False,True,True,True,79
288,True,True,False,False,False,True,False,False,False,False,False,True,80
289,True,False,False,False,True,False,False,False,False,True,True,False,77
290,True,False,True,False,False,False,False,False,False,False,True,True,71
291,True,False,False,True,False,False,False,False,False,True,True,True,76
292,True,False,True,False,False,False,False,False,False,True,True,False,60
293,False,False,False,False,True,True,False,False,False,False,True,True,71
294,True,False,False,True,False,False,True,False,False,False,False,False,78
295,True,True,False,False,False,False,False,False,False,False,False,True,63
296,True,False,False,False,False,False,False,False,False,True,True,False,43
297,True,False,False,False,True,False,False,False,False,False,True,False,71
298,True,False,True,False,False,False,True,False,False,False,False,False,45
299,True,False,False,True,False,False,False,False,False,False,False,True,84
300,True,False,False,False,False,False,False,False,True,False,False,False,80
301,True,False,False,True,False,False,False,False,False,True,False,True,54
302,False,False,True,False,False,False,False,False,False,False,True,False,77
303,True,True,False,False,False,False,False,False,False,False,True,True,73
304,False,False,True,False,False,False,False,False,False,False,True,False,77
305,True,False,False,False,False,False,False,False,True,False,True,True,68
306,True,False,False,False,True,False,False,False,True,False,True,False,89
307,True,False,True,False,False,False,False,False,False,True,True,True,49
308,False,True,False,False,False,False,False,False,False,False,False,True,64
309,False,False,False,True,False,False,True,False,False,False,False,True,53
310,False,True,False,False,False,False,False,False,False,False,True,True,76
311,True,True,False,False,False,True,False,False,False,False,True,True,61
312,True,False,False,True,False,True,False,False,False,False,True,False,65
313,False,False,True,False,False,False,False,False,False,False,False,False,68
314,False,False,True,False,False,True,False,False,False,False,True,False,66
315,True,False,True,False,False,False,True,False,False,False,True,True,67
316,False,False,False,True,False,False,False,True,False,False,True,False,83
317,True,False,True,False,False,False,False,False,False,False,True,True,78
318,True,True,False,False,False,True,False,False,False,False,True,True,68
319,False,False,False,True,False,False,False,False,False,False,False,True,61
320,False,False,True,False,False,False,True,False,False,False,False,False,77
321,False,False,False,False,True,False,True,False,False,False,True,True,80
322,False,False,True,False,False,False,False,False,True,False,True,True,77
323,False,False,True,False,False,False,False,False,False,True,False,True,50
324,False,False,True,False,False,False,True,False,False,False,False,True,43
325,False,False,True,False,False,False,False,False,True,False,True,True,89
326,True,False,True,False,False,False,False,False,True,False,True,True,61
327,True,False,False,False,False,False,False,False,True,False,False,True,23
328,True,False,True,False,False,False,False,False,False,False,True,False,78
329,False,True,False,False,False,False,False,False,False,True,True,True,49
330,True,False,True,False,False,False,True,False,False,False,True,True,64
331,True,False,True,False,False,False,False,False,False,False,True,True,40
332,True,False,False,False,True,False,False,False,False,False,True,False,57
333,True,True,False,False,False,False,False,False,False,False,True,True,83
334,False,False,True,False,False,True,False,False,False,False,True,True,90
335,False,True,False,False,False,False,False,False,True,False,False,True,65
336,True,False,False,True,False,False,False,False,False,True,True,False,72
337,True,False,True,False,False,False,False,False,False,False,True,True,48
338,False,True,False,False,False,False,False,False,False,True,False,True,30
339,False,False,False,True,False,False,False,False,False,True,False,False,50
340,True,False,True,False,False,False,True,False,False,False,False,True,57
341,False,False,True,False,False,False,True,False,False,False,True,True,66
342,False,True,False,False,False,False,True,False,False,False,True,False,73
343,True,False,False,True,False,False,False,False,False,False,True,False,69
344,True,False,False,True,False,False,False,False,True,False,True,True,73
345,False,False,True,False,False,False,True,False,False,False,True,True,76
346,True,True,False,False,False,False,False,False,True,False,True,True,60
347,False,False,True,False,False,True,False,False,False,False,True,False,89
348,True,False,False,True,False,False,True,False,False,False,False,True,72
349,True,False,False,False,True,False,False,False,False,False,True,True,79
350,False,True,False,False,False,True,False,False,False,False,True,True,62
351,True,False,False,False,True,False,False,False,True,False,True,True,58
352,False,False,True,False,False,False,False,False,True,False,True,False,74
353,False,False,True,False,False,False,False,False,False,False,True,True,54
354,False,False,True,False,False,False,False,False,True,False,True,True,67
355,False,True,False,False,False,True,False,False,False,False,True,True,68
356,True,False,False,False,False,False,False,False,False,False,True,True,62
357,False,False,True,False,False,False,False,False,True,False,False,False,59
358,True,False,False,True,False,False,False,False,True,False,False,True,61
359,False,False,False,True,False,False,False,False,True,False,True,True,86
360,False,True,False,False,False,False,True,False,False,False,True,True,60
361,True,True,False,False,False,False,False,False,False,True,True,False,82
362,False,False,True,False,False,False,False,False,True,False,True,True,56
363,False,False,False,True,False,False,False,False,False,True,False,True,31
364,True,False,True,False,False,False,False,False,True,False,True,True,59
365,True,False,False,False,False,True,False,False,False,False,False,False,56
366,True,False,True,False,False,False,True,False,False,False,True,False,60
367,True,False,True,False,False,True,False,False,False,False,False,True,63
368,False,False,False,False,False,False,False,False,False,True,False,True,55
369,False,False,False,True,False,False,False,False,False,True,True,True,81
370,True,False,False,False,True,False,False,False,True,False,True,True,77
371,False,False,True,False,False,False,False,False,True,False,False,False,63
372,True,False,False,True,False,False,False,False,False,True,True,True,73
373,False,False,False,True,False,False,False,False,True,False,True,False,92
374,False,False,False,True,False,True,False,False,False,False,True,True,67
375,True,False,False,False,True,False,False,False,False,False,False,True,43
376,False,False,False,True,False,False,False,False,False,True,True,True,84
377,False,False,False,True,False,False,False,True,False,False,False,False,93
378,False,False,False,False,False,False,False,False,False,True,True,True,77
379,True,False,False,False,False,True,False,False,False,False,True,True,64
380,False,True,False,False,False,False,False,False,False,False,True,True,83
381,True,False,True,False,False,False,False,False,False,False,True,False,94
382,True,False,True,False,False,False,False,True,False,False,False,True,77
383,False,False,False,False,True,False,False,False,False,True,False,True,44
384,False,False,False,False,False,False,False,False,False,True,False,True,41
385,False,False,False,False,True,False,False,False,True,False,True,True,73
386,False,False,False,False,True,True,False,False,False,False,True,True,69
387,False,False,True,False,False,False,False,False,False,False,False,True,67
388,False,False,False,True,False,False,True,False,False,False,True,True,63
389,True,False,False,True,False,False,False,True,False,False,True,True,73
390,True,False,False,False,True,False,False,False,False,True,False,False,66
391,False,False,False,True,False,False,False,False,True,False,True,True,74
392,True,False,False,False,True,False,False,False,True,False,True,True,70
393,True,False,True,False,False,False,False,False,False,False,True,False,56
394,False,False,True,False,False,False,False,False,False,True,True,False,72
395,True,False,False,False,False,False,True,False,False,False,False,True,45
396,False,True,False,False,False,False,True,False,False,False,False,True,60
397,False,False,True,False,False,False,False,False,False,False,True,True,90
398,True,True,False,False,False,False,False,False,False,True,True,True,65
399,True,False,False,True,False,False,False,False,False,True,True,True,58
400,False,False,True,False,False,False,False,False,False,True,True,False,60
401,True,False,False,False,False,False,False,False,True,False,True,True,46
402,False,False,False,False,False,False,False,False,True,False,False,True,56
403,False,False,False,True,False,False,True,False,False,False,True,False,96
404,False,False,True,False,False,False,True,False,False,False,True,True,58
405,False,False,True,False,False,False,False,False,False,True,True,True,68
406,True,True,False,False,False,False,False,False,False,False,True,False,64
407,False,True,False,False,False,False,False,False,False,False,True,True,80
408,False,False,False,True,False,False,True,False,False,False,False,False,55
409,True,False,False,True,False,False,False,False,False,False,True,False,85
410,False,False,False,True,False,False,False,True,False,False,True,False,72
411,True,False,False,False,True,False,False,False,True,False,True,False,82
412,True,False,False,True,False,False,False,False,False,False,True,True,66
413,True,True,False,False,False,False,False,False,False,True,True,False,66
414,False,False,True,False,False,True,False,False,False,False,False,False,67
415,True,False,False,False,True,False,True,False,False,False,True,True,75
416,True,False,True,False,False,True,False,False,False,False,True,False,71
417,True,False,True,False,False,False,False,False,False,False,True,True,71
418,True,False,False,True,False,False,False,False,True,False,True,True,63
419,True,False,False,False,True,False,True,False,False,False,False,False,56
420,False,False,True,False,False,False,False,False,False,False,False,False,89
421,False,False,False,True,False,False,True,False,False,False,True,False,60
422,False,False,False,True,False,False,False,True,False,False,False,False,57
423,False,False,False,False,False,False,False,False,False,True,True,False,75
424,True,True,False,False,False,False,False,False,True,False,False,True,38
425,False,False,True,False,False,False,False,False,True,False,False,True,64
426,True,False,True,False,False,True,False,False,False,False,True,True,85
427,True,False,True,False,False,False,False,False,False,True,False,True,68
428,True,False,False,False,False,False,False,False,False,True,False,True,59
429,True,False,True,False,False,False,False,False,False,True,False,True,62
430,True,False,True,False,False,False,False,False,False,False,False,True,63
431,False,False,True,False,False,False,True,False,False,False,True,True,68
432,True,False,True,False,False,False,True,False,False,False,True,True,57
433,False,False,False,False,False,False,False,False,False,True,False,True,52
434,True,False,True,False,False,False,False,False,False,True,True,True,68
435,True,False,True,False,False,False,False,False,True,False,False,False,50
436,True,False,False,True,False,False,False,False,False,False,True,True,69
437,True,False,False,True,False,False,False,False,False,False,False,True,71
438,True,False,True,False,False,False,True,False,False,False,True,True,59
439,True,False,False,True,False,False,False,False,False,True,True,False,86
440,False,False,True,False,False,False,False,False,True,False,True,False,76
441,False,False,False,True,False,False,True,False,False,False,True,True,80
442,False,False,False,False,False,False,False,False,False,True,False,True,67
443,False,True,False,False,False,False,False,False,False,False,True,True,77
444,True,False,False,False,False,False,False,False,False,True,False,True,78
445,False,False,True,False,False,False,False,False,False,True,True,False,73
446,True,False,False,True,False,False,False,False,True,False,False,True,65
447,True,False,True,False,False,False,True,False,False,False,True,False,82
448,True,True,False,False,False,False,True,False,False,False,True,True,45
449,True,True,False,False,False,False,False,False,False,False,True,True,75
450,False,False,True,False,False,False,False,False,True,False,False,False,78
451,False,False,False,False,True,False,False,False,True,False,True,True,96
452,False,False,True,False,False,False,False,False,False,False,False,True,72
453,True,False,True,False,False,False,False,False,True,False,False,True,57
454,False,False,True,False,False,False,False,False,False,False,False,True,59
455,True,False,True,False,False,True,False,False,False,False,False,True,47
456,False,False,False,True,False,True,False,False,False,False,True,True,86
457,True,False,False,True,False,False,False,False,False,False,False,True,52
458,False,False,False,False,True,True,False,False,False,False,True,True,100
459,True,True,False,False,False,False,True,False,False,False,True,False,68
460,True,False,True,False,False,True,False,False,False,False,False,True,55
461,True,True,False,False,False,False,False,False,True,False,False,True,51
462,False,False,False,False,True,False,False,False,True,False,True,True,72
463,False,False,True,False,False,False,False,False,True,False,False,True,86
464,True,False,False,False,False,True,False,False,False,False,True,False,65
465,False,False,True,False,False,False,False,False,True,False,True,True,87
466,False,False,False,True,False,False,False,False,False,False,False,True,32
467,True,False,False,False,False,False,True,False,False,False,False,False,68
468,False,False,False,False,False,False,True,False,False,False,False,False,83
469,True,False,True,False,False,False,False,False,True,False,True,True,80
470,False,False,True,False,False,False,False,False,False,False,True,False,86
471,False,False,True,False,False,False,True,False,False,False,True,True,69
472,False,False,True,False,False,False,False,False,False,False,True,False,79
473,False,False,False,True,False,False,False,False,False,True,True,True,62
474,False,True,False,False,False,False,False,False,False,False,True,False,90
475,False,False,False,True,False,True,False,False,False,False,True,False,77
476,True,False,False,False,True,True,False,False,False,False,True,False,68
477,True,False,False,True,False,False,False,False,False,False,True,True,73
478,False,False,False,True,False,False,False,True,False,False,True,True,63
479,True,False,False,False,True,False,False,False,False,False,True,True,71
480,True,True,False,False,False,False,True,False,False,False,True,False,71
481,False,False,False,True,False,False,False,False,False,False,False,True,56
482,True,False,True,False,False,False,False,False,True,False,False,True,66
483,True,False,False,False,False,False,True,False,False,False,True,True,52
484,False,True,False,False,False,False,False,False,False,False,True,True,52
485,True,False,True,False,False,False,True,False,False,False,True,True,72
486,True,False,False,True,False,False,False,False,True,False,False,True,55
487,False,False,True,False,False,False,False,False,False,False,False,True,70
488,True,True,False,False,False,False,False,False,False,True,True,False,58
489,True,False,False,False,False,False,False,False,False,False,False,False,81
490,False,False,False,False,False,False,False,False,False,False,False,True,75
491,False,False,True,False,False,False,False,False,False,False,True,True,66
492,False,False,True,False,False,False,False,False,True,False,True,True,85
493,False,False,True,False,False,True,False,False,False,False,True,True,86
494,False,True,False,False,False,False,True,False,False,False,True,True,62
495,True,False,False,True,False,False,True,False,False,False,True,False,66
496,False,False,True,False,False,False,False,False,True,False,True,True,51
497,False,False,False,True,False,False,False,False,True,False,False,False,71
498,False,True,False,False,False,False,False,False,False,True,True,True,68
499,True,False,False,False,True,False,False,False,True,False,True,True,73
500,False,False,False,True,False,False,False,True,False,False,True,True,78
501,False,True,False,False,False,False,False,False,False,False,True,False,91
502,True,False,True,False,False,False,False,False,True,False,False,True,59
503,False,False,False,False,True,False,False,False,False,False,True,False,92
504,False,False,False,True,False,False,False,True,False,False,False,True,51
505,False,True,False,False,False,False,False,False,False,True,True,True,81
506,True,False,False,False,False,False,True,False,False,False,True,True,68
507,True,True,False,False,False,True,False,False,False,False,False,True,56
508,True,False,True,False,False,False,False,True,False,False,True,True,78
509,False,False,True,False,False,True,False,False,False,False,True,True,88
510,True,False,False,True,False,False,False,False,True,False,True,True,73
511,True,False,False,False,False,False,False,False,False,True,True,True,52
512,True,False,False,True,False,False,False,False,False,True,False,True,54
513,False,True,False,False,False,False,False,False,False,True,True,False,59
514,False,True,False,False,False,False,False,True,False,False,False,False,89
515,False,False,True,False,False,False,False,False,False,True,True,False,83
516,False,False,False,True,False,False,False,False,True,False,True,True,82
517,False,False,False,False,True,False,False,False,True,False,True,False,71
518,False,False,False,True,False,False,False,False,False,True,True,False,74
519,False,True,False,False,False,False,True,False,False,False,False,False,75
520,True,False,False,True,False,False,False,False,True,False,True,True,57
521,False,False,True,False,False,False,False,False,False,False,True,True,87
522,True,False,False,True,False,True,False,False,False,False,True,True,61
523,True,False,True,False,False,False,False,True,False,False,False,True,54
524,True,False,True,False,False,False,True,False,False,False,True,False,51
525,True,False,False,False,True,False,False,False,True,False,True,True,62
526,True,False,True,False,False,False,False,False,False,True,False,False,59
527,False,False,True,False,False,False,True,False,False,False,False,True,44
528,False,False,False,True,False,True,False,False,False,False,False,True,39
529,False,False,True,False,False,False,False,False,False,False,True,True,69
530,False,False,True,False,False,False,False,False,False,False,True,False,69
531,False,False,True,False,False,False,False,False,False,True,True,True,51
532,True,False,False,False,True,False,False,False,False,False,True,False,60
533,False,False,False,False,True,False,False,False,False,False,True,False,87
534,True,True,False,False,False,False,True,False,False,False,True,False,70
535,False,False,True,False,False,True,False,False,False,False,False,False,77
536,True,False,True,False,False,False,False,False,False,False,True,False,56
537,False,False,False,True,False,False,True,False,False,False,True,True,60
538,True,False,False,False,True,True,False,False,False,False,True,False,74
539,True,False,False,False,False,False,False,False,False,False,True,False,92
540,True,False,True,False,False,False,True,False,False,False,True,False,71
541,True,False,False,True,False,False,False,False,False,False,False,False,80
542,False,False,True,False,False,False,False,False,False,False,True,True,79
543,False,False,False,True,False,False,False,False,False,False,True,True,89
544,False,False,False,True,False,False,False,True,False,False,True,True,64
545,True,False,False,False,True,False,False,False,False,True,False,False,80
546,False,False,False,False,False,False,False,False,False,True,True,False,96
547,True,False,True,False,False,False,True,False,False,False,True,False,68
548,False,False,True,False,False,False,True,False,False,False,False,True,64
549,True,False,True,False,False,False,False,True,False,False,True,True,73
550,True,False,True,False,False,False,False,False,False,True,False,True,73
551,True,True,False,False,False,True,False,False,False,False,False,False,88
552,False,True,False,False,False,False,False,False,False,False,True,True,46
553,True,False,False,True,False,False,False,False,True,False,False,True,68
554,True,False,False,False,True,False,False,False,False,False,True,True,46
555,False,False,True,False,False,False,False,False,True,False,False,True,35
556,False,False,True,False,False,False,False,False,False,False,True,False,69
557,True,False,True,False,False,False,False,True,False,False,False,True,65
558,False,True,False,False,False,False,False,False,False,False,False,True,64
559,True,False,False,True,False,False,False,False,False,True,True,True,67
560,False,False,False,True,False,False,False,False,True,False,True,False,76
561,False,False,True,False,False,False,False,False,True,False,True,True,70
562,True,False,True,False,False,True,False,False,False,False,True,False,93
563,False,False,False,True,False,False,False,False,True,False,False,False,74
564,True,True,False,False,False,True,False,False,False,False,False,True,48
565,True,True,False,False,False,False,False,False,False,False,True,True,45
566,False,False,False,False,True,True,False,False,False,False,False,False,97
567,False,False,False,True,False,False,False,True,False,False,False,False,70
568,True,True,False,False,False,False,True,False,False,False,False,True,53
569,True,False,False,True,False,True,False,False,False,False,False,True,68
570,True,True,False,False,False,False,False,False,True,False,True,False,72
571,True,False,False,False,False,True,False,False,False,False,True,True,93
572,False,False,True,False,False,False,False,False,True,False,True,True,57
573,False,False,True,False,False,False,True,False,False,False,False,False,60
574,False,False,False,False,True,False,True,False,False,False,True,True,75
575,True,False,False,False,False,False,False,False,False,False,False,False,49
576,True,False,False,False,False,False,False,False,True,False,True,False,55
577,False,True,False,False,False,False,True,False,False,False,True,True,87
578,False,True,False,False,False,False,False,False,True,False,False,False,54
579,False,False,False,True,False,False,False,True,False,False,True,True,61
580,False,False,False,True,False,False,False,False,False,True,True,True,91
581,False,False,False,False,True,False,False,False,False,True,True,True,79
582,False,False,False,True,False,True,False,False,False,False,False,True,71
583,False,False,False,True,False,False,False,False,False,False,True,False,76
584,False,False,False,True,False,False,False,False,True,False,True,True,74
585,False,False,True,False,False,False,False,False,False,False,True,True,72
586,False,False,False,False,False,False,True,False,False,False,True,True,67
587,False,False,True,False,False,True,False,False,False,False,False,True,56
588,False,False,True,False,False,False,False,False,True,False,True,True,61
589,False,False,False,False,False,False,False,False,False,True,True,True,60
590,True,False,True,False,False,False,False,False,True,False,False,True,56
591,True,False,False,False,False,False,False,False,False,True,True,True,61
592,True,False,False,False,True,True,False,False,False,False,True,True,67
593,False,False,False,False,True,False,True,False,False,False,True,True,74
594,False,False,True,False,False,True,False,False,False,False,True,False,97
595,False,False,True,False,False,True,False,False,False,False,True,False,69
596,True,True,False,False,False,False,True,False,False,False,False,True,23
597,True,False,False,False,False,False,False,False,False,True,True,True,52
598,False,False,False,True,False,False,True,False,False,False,True,True,73
599,False,False,False,True,False,False,False,False,False,True,True,True,76
600,False,False,False,True,False,False,False,True,False,False,True,True,59
601,False,False,True,False,False,False,True,False,False,False,True,True,29
602,False,False,False,False,True,False,False,False,True,False,True,True,78
603,True,False,False,True,False,False,True,False,False,False,False,True,56
604,True,False,False,True,False,False,False,True,False,False,False,False,88
605,True,False,True,False,False,False,False,False,False,True,True,True,70
606,False,False,True,False,False,False,False,False,False,False,True,True,84
607,False,False,True,False,False,False,False,True,False,False,False,True,51
608,False,False,False,False,True,False,False,False,True,False,True,True,62
609,False,True,False,False,False,False,False,False,False,False,True,True,62
610,True,False,False,True,False,False,False,False,True,False,False,False,64
611,False,False,True,False,False,False,False,False,True,False,True,True,61
612,True,False,True,False,False,True,False,False,False,False,True,False,92
613,False,False,True,False,False,False,False,False,False,False,True,True,72
614,False,False,False,False,False,False,False,False,False,False,True,True,89
615,False,False,True,False,False,False,True,False,False,False,True,True,67
616,False,False,False,False,True,True,False,False,False,False,True,True,40
617,True,False,False,True,False,True,False,False,False,False,True,True,83
618,True,False,False,True,False,False,False,True,False,False,True,True,87
619,True,False,True,False,False,False,False,False,False,False,False,False,69
620,False,False,True,False,False,False,True,False,False,False,False,True,50
621,True,True,False,False,False,True,False,False,False,False,False,True,60
622,True,False,True,False,False,False,True,False,False,False,False,False,54
623,True,False,False,False,False,False,False,False,True,False,True,False,94
624,False,False,False,False,True,True,False,False,False,False,False,True,60
625,True,False,False,True,False,False,False,False,True,False,True,False,99
626,True,True,False,False,False,False,False,False,False,False,False,False,67
627,True,False,False,True,False,False,False,False,False,False,True,True,52
628,True,False,False,True,False,False,False,False,True,False,False,True,51
629,False,False,True,False,False,False,False,False,False,True,True,False,50
630,True,False,False,True,False,False,False,False,True,False,True,True,67
631,True,True,False,False,False,False,True,False,False,False,True,True,68
632,False,True,False,False,False,True,False,False,False,False,True,False,74
633,False,False,True,False,False,False,True,False,False,False,True,True,83
634,True,False,False,True,False,False,False,False,False,True,True,True,83
635,True,False,False,False,False,False,True,False,False,False,True,True,70
636,False,True,False,False,False,False,True,False,False,False,False,False,76
637,False,False,False,True,False,False,False,False,False,True,True,False,87
638,True,False,False,False,True,False,False,False,True,False,True,True,79
639,False,False,False,True,False,False,False,False,False,False,True,True,74
640,True,False,False,True,False,False,True,False,False,False,True,True,48
641,False,False,False,True,False,False,False,False,False,False,False,False,84
642,False,True,False,False,False,False,False,False,False,True,False,True,77
643,False,False,False,False,True,False,True,False,False,False,True,False,78
644,True,True,False,False,False,False,True,False,False,False,True,True,65
645,False,True,False,False,False,True,False,False,False,False,True,False,76
646,False,False,False,True,False,False,False,False,False,False,True,True,65
647,False,False,False,False,True,False,True,False,False,False,False,True,65
648,False,True,False,False,False,False,True,False,False,False,True,True,53
649,False,False,False,True,False,False,False,False,True,False,True,False,76
650,True,False,True,False,False,False,False,False,False,True,False,False,53
651,False,False,False,False,False,False,True,False,False,False,True,False,75
652,False,False,False,True,False,False,False,False,True,False,True,False,90
653,False,False,False,False,False,False,False,False,False,False,True,False,70
654,False,True,False,False,False,False,False,False,False,True,True,True,77
655,False,True,False,False,False,False,False,False,True,False,True,True,65
656,True,False,True,False,False,False,False,False,False,False,False,True,69
657,True,False,False,True,False,False,False,False,False,True,True,True,65
658,False,False,False,True,False,False,False,False,False,False,False,True,54
659,True,False,False,True,False,False,False,False,False,False,True,True,87
660,True,False,True,False,False,False,False,False,True,False,False,True,75
661,True,False,True,False,False,False,False,False,False,True,True,True,67
662,False,False,False,True,False,False,False,False,True,False,False,True,65
663,False,False,True,False,False,False,True,False,False,False,True,True,67
664,True,False,False,True,False,False,False,False,False,False,True,True,69
665,False,False,True,False,False,False,False,False,False,True,False,False,57
666,False,False,True,False,False,False,False,False,True,False,False,False,69
667,False,True,False,False,False,True,False,False,False,False,False,True,83
668,True,False,True,False,False,False,False,False,True,False,True,True,69
669,True,False,False,True,False,False,False,False,False,False,True,False,77
670,False,False,True,False,False,False,True,False,False,False,False,True,70
671,True,False,False,True,False,False,False,False,False,False,False,True,53
672,False,False,True,False,False,False,False,False,True,False,True,True,74
673,False,False,True,False,False,False,False,False,False,False,True,False,78
674,False,False,False,True,False,False,True,False,False,False,True,False,75
675,False,True,False,False,False,False,False,False,True,False,True,False,60
676,False,False,False,False,True,False,False,False,True,False,True,False,76
677,False,False,True,False,False,False,False,False,False,True,True,False,76
678,True,False,False,True,False,False,False,False,False,False,False,True,78
679,True,False,False,True,False,False,False,False,True,False,False,True,61
680,False,False,False,True,False,False,True,False,False,False,True,True,71
681,True,True,False,False,False,False,True,False,False,False,True,True,63
682,True,True,False,False,False,False,True,False,False,False,True,True,57
683,False,False,True,False,False,False,False,False,False,True,False,False,38
684,True,True,False,False,False,False,False,False,True,False,True,False,65
685,False,False,False,False,True,False,False,True,False,False,True,False,98
686,True,False,False,False,True,False,False,False,True,False,True,False,76
687,True,False,False,True,False,False,False,False,False,False,False,True,76
688,True,False,False,False,False,False,True,False,False,False,False,True,52
689,True,False,False,False,True,False,False,False,True,False,False,True,89
690,False,False,True,False,False,False,False,False,False,False,True,True,52
691,False,False,False,False,True,False,False,False,False,False,False,True,76
692,False,False,True,False,False,True,False,False,False,False,False,False,74
693,False,False,False,True,False,False,False,False,False,False,True,True,76
694,False,False,True,False,False,False,False,False,False,True,True,True,56
695,False,False,False,True,False,False,False,False,True,False,False,True,85
696,False,False,True,False,False,False,False,False,False,False,True,False,82
697,False,False,False,False,False,True,False,False,False,False,True,True,67
698,False,False,False,True,False,False,False,False,False,False,True,False,71
699,True,False,True,False,False,False,True,False,False,False,False,True,64
700,False,False,False,False,True,True,False,False,False,False,True,False,81
701,False,True,False,False,False,False,False,False,False,True,True,True,65
702,True,False,False,False,False,True,False,False,False,False,True,False,86
703,False,False,False,True,False,False,False,False,True,False,True,True,65
704,False,True,False,False,False,False,False,False,False,True,False,False,62
705,True,False,False,False,False,True,False,False,False,False,False,True,66
706,True,False,False,True,False,False,True,False,False,False,True,True,39
707,True,False,True,False,False,False,False,False,True,False,True,True,59
708,True,False,False,True,False,False,True,False,False,False,True,True,85
709,False,False,False,True,False,False,False,False,False,False,False,False,54
710,True,False,True,False,False,False,False,False,True,False,True,False,89
711,False,False,False,False,True,False,False,False,False,True,True,False,83
712,False,False,False,True,False,False,False,False,True,False,True,True,99
713,True,False,False,True,False,False,False,True,False,False,True,True,82
714,False,True,False,False,False,False,False,False,False,True,True,False,68
715,False,True,False,False,False,False,False,False,False,False,False,False,86
716,True,False,True,False,False,False,False,False,False,False,True,False,74
717,False,False,True,False,False,False,False,False,False,False,True,False,97
718,False,False,True,False,False,False,True,False,False,False,True,True,75
719,True,False,False,False,True,False,False,False,False,False,False,False,81
720,False,False,True,False,False,False,False,False,True,False,False,True,68
721,True,False,False,True,False,False,False,False,False,True,False,False,58
722,False,True,False,False,False,False,False,False,False,True,False,False,84
723,True,False,True,False,False,False,True,False,False,False,True,True,47
724,True,True,False,False,False,False,False,False,True,False,True,True,44
725,True,False,False,False,True,False,False,False,True,False,True,False,75
726,False,False,False,False,True,False,False,False,False,False,True,False,72
727,True,False,False,False,True,False,False,False,False,True,True,False,59
728,False,False,False,True,False,False,True,False,False,False,False,True,83
729,True,False,True,False,False,False,False,False,True,False,True,True,43
730,False,True,False,False,False,False,False,False,False,False,False,False,75
731,True,False,False,False,False,False,False,False,False,True,False,True,48
732,False,False,True,False,False,False,False,False,True,False,True,False,90
733,True,False,False,True,False,False,False,False,False,True,True,True,49
734,False,False,False,False,True,False,False,False,True,False,False,True,56
735,True,False,True,False,False,False,False,True,False,False,True,True,61
736,True,False,True,False,False,False,False,False,False,False,True,True,85
737,False,True,False,False,False,False,False,False,True,False,False,False,64
738,True,False,False,True,False,False,False,False,False,False,True,True,75
739,True,False,True,False,False,False,True,False,False,False,False,True,59
740,True,False,False,True,False,True,False,False,False,False,True,True,75
741,False,False,False,False,False,False,False,False,False,False,False,True,50
742,False,False,True,False,False,False,True,False,False,False,True,True,82
743,False,False,True,False,False,False,False,False,False,False,True,False,68
744,True,True,False,False,False,False,False,False,True,False,False,True,52
745,True,False,False,True,False,False,False,False,False,False,True,True,75
746,True,False,False,True,False,False,True,False,False,False,True,True,72
747,True,False,True,False,False,False,False,False,True,False,True,True,67
748,False,False,True,False,False,True,False,False,False,False,False,True,56
749,True,True,False,False,False,False,False,False,True,False,True,False,86
750,True,False,False,True,False,False,False,False,False,True,True,False,69
751,True,False,False,False,True,False,False,False,True,False,True,True,68
752,True,False,True,False,False,False,False,True,False,False,False,False,77
753,False,False,True,False,False,False,False,False,False,True,True,False,84
754,True,False,True,False,False,False,False,False,False,False,False,True,55
755,False,False,False,False,True,False,False,False,False,False,True,True,90
756,True,False,False,True,False,False,False,False,True,False,True,True,55
757,True,False,False,False,True,True,False,False,False,False,False,False,70
758,False,False,False,True,False,False,False,False,True,False,False,False,59
759,True,True,False,False,False,False,False,False,True,False,True,False,74
760,False,False,True,False,False,False,True,False,False,False,False,True,63
761,False,False,False,True,False,False,False,False,False,True,True,True,53
762,True,False,False,True,False,False,False,False,False,True,True,False,82
763,False,True,False,False,False,False,True,False,False,False,True,True,62
764,True,False,False,True,False,False,False,False,True,False,True,True,61
765,False,True,False,False,False,False,True,False,False,False,True,True,73
766,False,False,True,False,False,False,True,False,False,False,True,False,70
767,True,True,False,False,False,False,True,False,False,False,True,False,66
768,False,False,False,True,False,False,False,False,False,True,True,True,71
769,True,False,False,False,False,False,False,False,True,False,False,True,58
770,True,True,False,False,False,False,True,False,False,False,True,True,50
771,True,False,False,True,False,True,False,False,False,False,True,True,74
772,False,True,False,False,False,False,False,False,False,True,False,False,64
773,False,False,True,False,False,True,False,False,False,False,False,True,73
774,True,True,False,False,False,False,False,False,True,False,True,True,64
775,False,True,False,False,False,False,False,False,False,True,False,True,54
776,False,True,False,False,False,False,True,False,False,False,True,True,69
777,False,False,True,False,False,False,False,False,True,False,False,True,41
778,False,False,False,False,False,False,False,False,True,False,True,False,78
779,True,False,False,False,True,False,False,False,False,False,True,False,87
780,False,False,False,True,False,False,False,False,False,False,False,True,53
781,False,True,False,False,False,False,False,True,False,False,True,True,84
782,False,True,False,False,False,False,True,False,False,False,False,False,81
783,False,False,True,False,False,False,False,False,False,False,True,False,58
784,True,False,True,False,False,True,False,False,False,False,True,False,84
785,False,True,False,False,False,False,False,False,False,True,True,False,42
786,False,False,False,False,True,False,False,False,False,True,False,True,76
787,False,True,False,False,False,False,False,False,True,False,True,True,30
788,True,False,True,False,False,False,False,False,False,False,False,True,65
789,False,False,True,False,False,False,False,True,False,False,False,True,59
790,False,True,False,False,False,False,True,False,False,False,True,True,57
791,False,False,False,True,False,False,False,False,True,False,False,True,65
792,True,False,False,True,False,False,True,False,False,False,False,True,70
793,True,False,False,False,True,False,False,False,False,True,True,False,83
794,False,True,False,False,False,False,True,False,False,False,True,True,48
795,False,False,False,False,True,False,False,False,False,False,False,False,66
796,True,False,False,True,False,False,True,False,False,False,True,True,70
797,False,False,False,False,True,False,False,False,False,False,False,True,78
798,True,False,False,False,True,False,False,False,True,False,True,True,61
799,False,False,True,False,False,False,False,False,False,False,True,True,55
800,True,False,True,False,False,False,False,False,False,True,True,False,69
801,True,False,True,False,False,False,False,False,False,True,True,False,76
802,False,False,False,False,True,False,False,False,False,False,True,True,92
803,False,True,False,False,False,False,False,False,True,False,True,True,85
804,False,False,True,False,False,False,False,False,True,False,True,True,76
805,True,False,False,False,False,False,False,False,True,False,False,True,77
806,False,False,False,True,False,False,False,False,True,False,False,True,71
807,False,False,False,False,True,False,True,False,False,False,False,True,42
808,True,False,True,False,False,False,True,False,False,False,True,True,78
809,True,True,False,False,False,True,False,False,False,False,True,True,55
810,True,False,False,False,False,False,False,False,False,True,True,True,39
811,True,False,False,False,False,False,True,False,False,False,False,True,47
812,False,False,True,False,False,False,False,True,False,False,True,False,62
813,True,False,False,False,True,False,False,False,False,True,True,False,82
814,False,False,True,False,False,False,True,False,False,False,True,True,78
815,True,True,False,False,False,False,False,False,False,True,True,False,89
816,False,False,False,False,False,True,False,False,False,False,True,True,56
817,True,False,False,True,False,True,False,False,False,False,False,False,69
818,False,True,False,False,False,False,True,False,False,False,False,True,67
819,False,False,True,False,False,False,False,False,False,True,True,True,85
820,False,False,False,False,False,False,False,False,False,True,True,False,89
821,False,False,False,True,False,True,False,False,False,False,False,True,87
822,True,False,False,False,True,False,False,False,True,False,False,False,51
823,False,True,False,False,False,False,True,False,False,False,False,True,80
824,False,False,True,False,False,False,False,False,False,True,False,True,53
825,True,False,True,False,False,False,True,False,False,False,True,True,62
826,False,False,True,False,False,False,False,False,False,False,False,False,65
827,False,False,True,False,False,False,False,False,False,True,True,True,70
828,False,False,False,True,False,False,False,False,False,True,False,False,79
829,True,True,False,False,False,False,False,False,False,True,True,True,58
830,False,False,False,False,False,False,False,False,True,False,False,True,59
831,False,False,True,False,False,True,False,False,False,False,False,False,83
832,True,False,False,False,False,True,False,False,False,False,True,True,61
833,False,True,False,False,False,False,True,False,False,False,True,False,83
834,True,True,False,False,False,False,False,False,True,False,True,True,51
835,False,False,True,False,False,False,True,False,False,False,True,False,66
836,True,False,False,False,True,False,True,False,False,False,True,True,65
837,False,False,False,False,False,False,True,False,False,False,True,False,79
838,True,True,False,False,False,False,False,False,False,False,False,False,56
839,False,False,True,False,False,False,False,False,False,False,True,True,72
840,False,False,False,True,False,False,True,False,False,False,False,True,46
841,True,False,True,False,False,False,False,False,False,True,True,True,58
842,False,True,False,False,False,False,True,False,False,False,False,False,34
843,True,True,False,False,False,False,False,False,True,False,False,False,76
844,False,False,False,True,False,False,False,False,False,True,False,False,56
845,True,False,False,False,True,False,False,True,False,False,True,True,86
846,True,False,True,False,False,False,False,True,False,False,True,False,87
847,True,False,False,True,False,False,True,False,False,False,True,True,56
848,False,False,True,False,False,False,True,False,False,False,True,True,66
849,True,False,False,True,False,False,False,False,False,False,True,True,75
850,True,False,True,False,False,False,False,True,False,False,True,True,68
851,False,False,False,False,False,False,True,False,False,False,True,True,64
852,False,False,False,False,True,False,False,False,True,False,True,True,88
853,True,False,False,False,True,False,False,False,False,True,True,True,70
854,True,False,True,False,False,False,False,False,False,True,True,True,60
855,False,True,False,False,False,True,False,False,False,False,True,True,97
856,True,True,False,False,False,False,False,False,True,False,False,True,69
857,False,False,True,False,False,True,False,False,False,False,True,True,75
858,True,True,False,False,False,False,True,False,False,False,True,False,49
859,True,False,True,False,False,False,False,False,False,False,False,True,77
860,False,False,True,False,False,False,False,False,False,False,True,True,56
861,False,False,False,False,True,False,False,True,False,False,False,True,85
862,True,False,False,True,False,True,False,False,False,False,False,False,40
863,False,False,True,False,False,False,False,False,True,False,True,False,74
864,True,False,True,False,False,False,False,False,False,False,True,True,94
865,True,False,False,True,False,False,False,False,True,False,True,False,84
866,True,False,True,False,False,False,True,False,False,False,False,True,55
867,True,True,False,False,False,False,False,False,False,False,True,True,48
868,True,False,False,False,True,False,False,False,False,False,False,False,75
869,True,False,True,False,False,False,False,False,False,False,False,True,50
870,True,True,False,False,False,False,True,False,False,False,True,True,55
871,False,False,True,False,False,False,False,False,True,False,True,False,73
872,True,True,False,False,False,False,False,False,False,False,True,False,81
873,True,False,False,False,True,False,False,False,False,False,False,True,87
874,False,False,True,False,False,True,False,False,False,False,False,True,55
875,True,False,True,False,False,False,False,False,True,False,False,True,70
876,True,False,False,True,False,False,False,False,True,False,True,True,82
877,True,False,True,False,False,False,False,False,False,True,True,True,57
878,False,False,False,True,False,False,False,False,False,True,True,True,70
879,False,False,False,True,False,False,False,False,False,False,True,True,71
880,True,False,True,False,False,True,False,False,False,False,True,False,64
881,False,False,False,False,True,True,False,False,False,False,True,False,70
882,False,True,False,False,False,False,True,False,False,False,False,True,69
883,True,False,False,True,False,True,False,False,False,False,False,True,48
884,False,False,False,False,True,False,False,False,False,False,True,True,52
885,False,False,True,False,False,False,False,False,False,False,True,False,73
886,False,False,False,False,True,False,False,False,False,False,True,False,96
887,True,False,True,False,False,False,True,False,False,False,False,True,62
888,False,False,False,True,False,False,False,False,True,False,False,True,69
889,True,False,False,True,False,False,True,False,False,False,False,True,48
890,False,False,False,False,True,False,False,False,True,False,True,False,87
891,False,False,False,False,True,False,False,False,False,False,True,True,87
892,False,False,False,False,False,False,False,True,False,False,False,True,63
893,True,False,False,True,False,False,False,False,False,True,True,False,79
894,False,False,False,False,True,False,False,False,False,False,True,True,63
895,False,False,False,False,True,False,False,False,False,True,False,True,35
896,True,True,False,False,False,False,True,False,False,False,False,True,31
897,False,True,False,False,False,False,False,False,False,True,False,False,73
898,True,False,False,True,False,False,False,False,False,False,True,False,61
899,False,False,False,True,False,False,False,False,False,True,True,False,75
900,True,False,False,True,False,False,False,True,False,False,True,True,86
901,False,False,True,False,False,False,False,True,False,False,True,True,75
902,False,False,False,False,False,False,True,False,False,False,False,False,41
903,False,False,False,True,False,True,False,False,False,False,False,False,98
904,False,False,False,True,False,False,False,False,False,True,False,True,78
905,True,False,False,True,False,False,False,False,True,False,True,True,81
906,True,True,False,False,False,False,True,False,False,False,True,True,52
907,False,False,False,True,False,False,False,False,True,False,True,False,85
908,False,False,True,False,False,True,False,False,False,False,False,True,71
909,True,False,False,False,True,True,False,False,False,False,True,False,68
910,True,False,False,True,False,True,False,False,False,False,False,True,47
911,False,False,False,False,False,False,False,False,True,False,True,True,78
912,False,False,True,False,False,True,False,False,False,False,True,False,60
913,False,False,True,False,False,True,False,False,False,False,False,False,58
914,False,True,False,False,False,False,False,False,False,False,False,True,54
915,False,False,False,False,True,False,False,False,True,False,True,True,68
916,True,False,False,False,True,True,False,False,False,False,True,False,100
917,False,False,True,False,False,False,True,False,False,False,True,True,52
918,False,False,True,False,False,False,False,False,False,False,True,False,71
919,True,True,False,False,False,False,False,False,True,False,True,False,93
920,True,False,False,True,False,False,True,False,False,False,False,True,69
921,False,False,True,False,False,False,True,False,False,False,False,True,45
922,True,False,False,True,False,False,True,False,False,False,True,True,68
923,False,True,False,False,False,False,False,False,False,False,False,True,61
924,True,False,False,True,False,False,True,False,False,False,False,True,71
925,True,False,False,False,True,False,False,False,False,True,True,False,66
926,True,False,False,False,True,False,False,False,False,False,False,True,57
927,False,False,False,True,False,False,True,False,False,False,False,False,66
928,True,False,False,False,True,False,False,False,False,False,False,False,44
929,False,False,True,False,False,False,False,False,False,True,False,True,52
930,True,False,True,False,False,False,False,False,True,False,False,False,70
931,True,False,False,True,False,False,False,False,True,False,False,True,60
932,True,False,False,True,False,False,False,False,False,False,False,False,68
933,True,False,True,False,False,True,False,False,False,False,False,False,73
934,True,False,True,False,False,False,False,False,False,False,True,False,92
935,True,False,False,True,False,False,False,False,True,False,False,True,64
936,True,False,False,False,False,False,False,False,False,False,True,True,59
937,False,False,False,False,True,False,True,False,False,False,False,True,57
938,True,False,False,True,False,False,False,False,True,False,True,False,84
939,True,False,False,True,False,False,False,False,False,True,True,False,71
940,True,False,True,False,False,False,False,True,False,False,False,False,70
941,False,False,False,True,False,False,False,True,False,False,True,True,88
942,True,False,True,False,False,False,True,False,False,False,True,True,70
943,True,False,False,False,False,False,False,False,False,True,False,False,61
944,False,True,False,False,False,False,True,False,False,False,True,True,62
945,False,False,True,False,False,False,False,False,False,False,True,True,58
946,True,True,False,False,False,False,True,False,False,False,True,True,81
947,False,False,False,True,False,False,False,False,True,False,False,True,56
948,True,True,False,False,False,False,False,False,False,True,False,False,50
949,False,False,False,False,True,False,True,False,False,False,False,False,68
950,True,False,False,False,True,False,True,False,False,False,True,True,79
951,False,False,False,True,False,False,False,False,True,False,True,False,78
952,False,False,False,False,True,False,False,False,False,True,False,True,73
953,True,False,True,False,False,False,True,False,False,False,True,False,55
954,False,False,True,False,False,False,False,False,True,False,True,True,67
955,True,False,False,False,True,False,False,False,False,False,True,True,64
956,True,False,True,False,False,False,False,False,True,False,True,True,84
957,False,False,False,True,False,False,False,True,False,False,True,True,97
958,False,False,False,True,False,False,True,False,False,False,True,True,56
959,True,False,True,False,False,False,True,False,False,False,True,True,76
960,False,False,False,False,False,False,False,False,True,False,True,True,59
961,False,False,False,True,False,False,False,False,False,True,False,True,52
962,False,False,False,False,True,False,False,False,False,False,True,True,100
963,False,False,True,False,False,False,False,False,False,True,False,False,72
964,True,False,False,True,False,False,False,False,True,False,True,True,62
965,False,False,False,True,False,False,False,False,True,False,True,True,68
966,True,False,False,False,False,False,False,False,False,True,True,False,66
967,True,False,True,False,False,False,False,False,True,False,True,True,62
968,False,False,False,False,True,False,False,False,False,False,True,True,70
969,False,True,False,False,False,True,False,False,False,False,True,True,80
970,False,False,False,True,False,True,False,False,False,False,True,True,96
971,True,False,True,False,False,False,False,False,False,True,True,False,73
972,False,False,False,False,False,False,True,False,False,False,False,False,54
973,False,False,False,True,False,False,False,False,True,False,False,True,58
974,False,False,False,False,False,False,False,False,True,False,True,True,61
975,False,False,True,False,False,False,False,False,True,False,True,False,74
976,True,True,False,False,False,False,False,False,True,False,False,False,61
977,True,False,True,False,False,False,False,False,False,False,True,True,62
978,True,False,False,True,False,False,True,False,False,False,True,False,48
979,False,False,True,False,False,False,False,False,False,False,True,True,93
980,False,True,False,False,False,False,True,False,False,False,False,True,18
981,True,False,False,True,False,False,False,False,False,True,True,True,79
982,True,True,False,False,False,False,False,False,False,True,True,False,83
983,False,False,False,False,False,False,False,False,True,False,True,False,85
984,False,False,True,False,False,False,False,False,False,True,True,True,77
985,True,False,False,False,False,False,True,False,False,False,True,True,54
986,False,False,True,False,False,False,False,False,False,False,True,True,50
987,True,False,False,False,True,False,False,False,False,True,True,False,77
988,False,False,False,False,False,False,False,False,False,True,False,True,45
989,False,False,False,True,False,False,False,False,True,False,False,False,79
990,True,False,False,False,True,False,True,False,False,False,False,False,81
991,False,True,False,False,False,False,False,False,False,True,True,False,75
992,False,False,False,True,False,False,False,False,False,False,False,True,69
993,False,False,False,True,False,True,False,False,False,False,False,True,69
994,True,False,False,False,False,False,True,False,False,False,True,True,63
995,False,False,False,False,True,False,False,True,False,False,True,False,94
996,True,False,True,False,False,False,True,False,False,False,False,True,57
997,False,False,True,False,False,False,True,False,False,False,False,False,65
998,False,False,False,True,False,False,False,False,True,False,True,False,74
999,False,False,False,True,False,False,False,False,True,False,False,True,83
